Scan File_Name;TANAP Boundaries;TANAP ID;Subdocument boundaries;Type of non-document page
NL-HaNA_1.04.02_1539_0001;;;;Cover
NL-HaNA_1.04.02_1539_0002;;;;Empty
NL-HaNA_1.04.02_1539_0003;;;;Empty
NL-HaNA_1.04.02_1539_0004;;;;Empty
NL-HaNA_1.04.02_1539_0005;;;;Section title page
NL-HaNA_1.04.02_1539_0006;;;;Empty
NL-HaNA_1.04.02_1539_0007;SAME AS NL-HaNA_1.04.02_1539_0005;;;
NL-HaNA_1.04.02_1539_0008;;;;Empty
NL-HaNA_1.04.02_1539_0009;;;;Table of contents
NL-HaNA_1.04.02_1539_0010;;;;Table of contents
NL-HaNA_1.04.02_1539_0011;;;;Table of contents
NL-HaNA_1.04.02_1539_0012;;;;Table of contents
NL-HaNA_1.04.02_1539_0013;;;;Table of contents
NL-HaNA_1.04.02_1539_0014;;;;Table of contents
NL-HaNA_1.04.02_1539_0015;;;;Table of contents
NL-HaNA_1.04.02_1539_0016;;;;Table of contents
NL-HaNA_1.04.02_1539_0017;;;;Table of contents
NL-HaNA_1.04.02_1539_0018;;;;Table of contents
NL-HaNA_1.04.02_1539_0019;;;;Table of contents
NL-HaNA_1.04.02_1539_0020;;;;Table of contents
NL-HaNA_1.04.02_1539_0021;;;;Table of contents
NL-HaNA_1.04.02_1539_0022;;;;Table of contents
NL-HaNA_1.04.02_1539_0023;;;;Table of contents
NL-HaNA_1.04.02_1539_0024;;;;Table of contents
NL-HaNA_1.04.02_1539_0025;;;;Empty
NL-HaNA_1.04.02_1539_0026;;;;Empty
NL-HaNA_1.04.02_1539_0027;START;39965;;
NL-HaNA_1.04.02_1539_0028;END;39965;;
NL-HaNA_1.04.02_1539_0029;START;39966;;
NL-HaNA_1.04.02_1539_0030;;39966;;
NL-HaNA_1.04.02_1539_0031;END;39966;;
NL-HaNA_1.04.02_1539_0031;START;39967;;
NL-HaNA_1.04.02_1539_0032;END;39967;;
NL-HaNA_1.04.02_1539_0033;START;39968;;
NL-HaNA_1.04.02_1539_0034;;39968;;
NL-HaNA_1.04.02_1539_0035;;39968;;
NL-HaNA_1.04.02_1539_0036;;39968;;
NL-HaNA_1.04.02_1539_0037;END;39968;;
NL-HaNA_1.04.02_1539_0037;START;39969;;
NL-HaNA_1.04.02_1539_0038;;39969;;
NL-HaNA_1.04.02_1539_0039;;39969;;
NL-HaNA_1.04.02_1539_0040;;39969;;
NL-HaNA_1.04.02_1539_0041;;39969;;
NL-HaNA_1.04.02_1539_0042;END;39969;;
NL-HaNA_1.04.02_1539_0043;START;39970;;
NL-HaNA_1.04.02_1539_0044;;39970;;
NL-HaNA_1.04.02_1539_0045;END;39970;;
NL-HaNA_1.04.02_1539_0045;START;39971;;
NL-HaNA_1.04.02_1539_0046;;39971;;
NL-HaNA_1.04.02_1539_0047;;39971;;
NL-HaNA_1.04.02_1539_0048;;39971;;
NL-HaNA_1.04.02_1539_0049;;39971;;
NL-HaNA_1.04.02_1539_0050;;39971;;
NL-HaNA_1.04.02_1539_0051;;39971;;
NL-HaNA_1.04.02_1539_0052;;39971;;
NL-HaNA_1.04.02_1539_0053;;39971;;
NL-HaNA_1.04.02_1539_0054;;39971;;
NL-HaNA_1.04.02_1539_0055;;39971;;
NL-HaNA_1.04.02_1539_0056;;39971;;
NL-HaNA_1.04.02_1539_0057;;39971;;
NL-HaNA_1.04.02_1539_0058;END;39971;;
NL-HaNA_1.04.02_1539_0058;START;39972;;
NL-HaNA_1.04.02_1539_0059;END;39972;;
NL-HaNA_1.04.02_1539_0060;START;39973;;
NL-HaNA_1.04.02_1539_0061;;39973;;
NL-HaNA_1.04.02_1539_0062;;39973;;
NL-HaNA_1.04.02_1539_0063;;39973;;
NL-HaNA_1.04.02_1539_0064;END;39973;;
NL-HaNA_1.04.02_1539_0064;START;39974;;
NL-HaNA_1.04.02_1539_0065;;39974;;
NL-HaNA_1.04.02_1539_0066;;39974;;
NL-HaNA_1.04.02_1539_0067;;39974;;
NL-HaNA_1.04.02_1539_0068;;39974;;
NL-HaNA_1.04.02_1539_0069;;39974;;
NL-HaNA_1.04.02_1539_0070;;39974;;
NL-HaNA_1.04.02_1539_0071;END;39974;;
NL-HaNA_1.04.02_1539_0071;START;39975;START;
NL-HaNA_1.04.02_1539_0072;;39975;;
NL-HaNA_1.04.02_1539_0073;;39975;;
NL-HaNA_1.04.02_1539_0074;;39975;;
NL-HaNA_1.04.02_1539_0075;;39975;;
NL-HaNA_1.04.02_1539_0076;;39975;;
NL-HaNA_1.04.02_1539_0077;;39975;;
NL-HaNA_1.04.02_1539_0078;;39975;;
NL-HaNA_1.04.02_1539_0079;;39975;;
NL-HaNA_1.04.02_1539_0080;;39975;;
NL-HaNA_1.04.02_1539_0081;;39975;;
NL-HaNA_1.04.02_1539_0082;;39975;;
NL-HaNA_1.04.02_1539_0083;;39975;;
NL-HaNA_1.04.02_1539_0084;;39975;;
NL-HaNA_1.04.02_1539_0085;;39975;;
NL-HaNA_1.04.02_1539_0086;;39975;;
NL-HaNA_1.04.02_1539_0087;;39975;;
NL-HaNA_1.04.02_1539_0088;;39975;;
NL-HaNA_1.04.02_1539_0089;;39975;;
NL-HaNA_1.04.02_1539_0090;;39975;;
NL-HaNA_1.04.02_1539_0091;;39975;;
NL-HaNA_1.04.02_1539_0092;;39975;;
NL-HaNA_1.04.02_1539_0093;;39975;;
NL-HaNA_1.04.02_1539_0094;;39975;;
NL-HaNA_1.04.02_1539_0095;;39975;;
NL-HaNA_1.04.02_1539_0096;;39975;;
NL-HaNA_1.04.02_1539_0097;;39975;;
NL-HaNA_1.04.02_1539_0098;;39975;;
NL-HaNA_1.04.02_1539_0099;;39975;;
NL-HaNA_1.04.02_1539_0100;;39975;;
NL-HaNA_1.04.02_1539_0101;;39975;;
NL-HaNA_1.04.02_1539_0102;;39975;;
NL-HaNA_1.04.02_1539_0103;;39975;;
NL-HaNA_1.04.02_1539_0104;;39975;;
NL-HaNA_1.04.02_1539_0105;;39975;;
NL-HaNA_1.04.02_1539_0106;;39975;;
NL-HaNA_1.04.02_1539_0107;;39975;;
NL-HaNA_1.04.02_1539_0108;;39975;;
NL-HaNA_1.04.02_1539_0109;;39975;;
NL-HaNA_1.04.02_1539_0110;;39975;;
NL-HaNA_1.04.02_1539_0111;;39975;;
NL-HaNA_1.04.02_1539_0112;;39975;;
NL-HaNA_1.04.02_1539_0113;;39975;;
NL-HaNA_1.04.02_1539_0114;;39975;;
NL-HaNA_1.04.02_1539_0115;;39975;;
NL-HaNA_1.04.02_1539_0116;;39975;;
NL-HaNA_1.04.02_1539_0117;;39975;;
NL-HaNA_1.04.02_1539_0118;;39975;;
NL-HaNA_1.04.02_1539_0119;;39975;;
NL-HaNA_1.04.02_1539_0120;;39975;;
NL-HaNA_1.04.02_1539_0121;;39975;;
NL-HaNA_1.04.02_1539_0122;;39975;;
NL-HaNA_1.04.02_1539_0123;;39975;;
NL-HaNA_1.04.02_1539_0124;;39975;;
NL-HaNA_1.04.02_1539_0125;;39975;;
NL-HaNA_1.04.02_1539_0126;;39975;;
NL-HaNA_1.04.02_1539_0127;;39975;;
NL-HaNA_1.04.02_1539_0128;;39975;;
NL-HaNA_1.04.02_1539_0129;;39975;;
NL-HaNA_1.04.02_1539_0130;;39975;;
NL-HaNA_1.04.02_1539_0131;;39975;;
NL-HaNA_1.04.02_1539_0132;;39975;END/START;
NL-HaNA_1.04.02_1539_0133;;39975;;
NL-HaNA_1.04.02_1539_0134;;39975;END/START;
NL-HaNA_1.04.02_1539_0135;;39975;;
NL-HaNA_1.04.02_1539_0136;;39975;;
NL-HaNA_1.04.02_1539_0137;;39975;;
NL-HaNA_1.04.02_1539_0138;;39975;;
NL-HaNA_1.04.02_1539_0139;;39975;;
NL-HaNA_1.04.02_1539_0140;;39975;;
NL-HaNA_1.04.02_1539_0141;;39975;;
NL-HaNA_1.04.02_1539_0142;;39975;;
NL-HaNA_1.04.02_1539_0143;;39975;;
NL-HaNA_1.04.02_1539_0144;;39975;;
NL-HaNA_1.04.02_1539_0145;END;39975;END;
NL-HaNA_1.04.02_1539_0145;START;39976;;
NL-HaNA_1.04.02_1539_0146;;39976;;
NL-HaNA_1.04.02_1539_0147;;39976;;
NL-HaNA_1.04.02_1539_0148;;39976;;
NL-HaNA_1.04.02_1539_0149;;39976;;
NL-HaNA_1.04.02_1539_0150;;39976;;
NL-HaNA_1.04.02_1539_0151;;39976;;
NL-HaNA_1.04.02_1539_0152;;39976;;
NL-HaNA_1.04.02_1539_0153;;39976;;
NL-HaNA_1.04.02_1539_0154;;39976;;
NL-HaNA_1.04.02_1539_0155;;39976;;
NL-HaNA_1.04.02_1539_0156;;39976;;
NL-HaNA_1.04.02_1539_0157;;39976;;
NL-HaNA_1.04.02_1539_0158;;39976;;
NL-HaNA_1.04.02_1539_0159;;39976;;
NL-HaNA_1.04.02_1539_0160;;39976;;
NL-HaNA_1.04.02_1539_0161;;39976;;
NL-HaNA_1.04.02_1539_0162;;39976;;
NL-HaNA_1.04.02_1539_0163;;39976;;
NL-HaNA_1.04.02_1539_0164;;39976;;
NL-HaNA_1.04.02_1539_0165;;39976;;
NL-HaNA_1.04.02_1539_0166;;39976;;
NL-HaNA_1.04.02_1539_0167;;39976;;
NL-HaNA_1.04.02_1539_0168;;39976;;
NL-HaNA_1.04.02_1539_0169;;39976;;
NL-HaNA_1.04.02_1539_0170;;39976;;
NL-HaNA_1.04.02_1539_0171;;39976;;
NL-HaNA_1.04.02_1539_0172;;39976;;
NL-HaNA_1.04.02_1539_0173;;39976;;
NL-HaNA_1.04.02_1539_0174;;39976;;
NL-HaNA_1.04.02_1539_0175;;39976;;
NL-HaNA_1.04.02_1539_0176;;39976;;
NL-HaNA_1.04.02_1539_0177;;39976;;
NL-HaNA_1.04.02_1539_0178;;39976;;
NL-HaNA_1.04.02_1539_0179;;39976;;
NL-HaNA_1.04.02_1539_0180;;39976;;
NL-HaNA_1.04.02_1539_0181;END;39976;;
NL-HaNA_1.04.02_1539_0181;START;39977;;
NL-HaNA_1.04.02_1539_0182;END;39977;;
NL-HaNA_1.04.02_1539_0183;START;39978;;
NL-HaNA_1.04.02_1539_0184;;39978;;
NL-HaNA_1.04.02_1539_0185;;39978;;
NL-HaNA_1.04.02_1539_0186;;39978;;
NL-HaNA_1.04.02_1539_0187;;39978;;
NL-HaNA_1.04.02_1539_0188;;39978;;
NL-HaNA_1.04.02_1539_0189;;39978;;
NL-HaNA_1.04.02_1539_0190;;39978;;
NL-HaNA_1.04.02_1539_0191;;39978;;
NL-HaNA_1.04.02_1539_0192;;39978;;
NL-HaNA_1.04.02_1539_0193;;39978;;
NL-HaNA_1.04.02_1539_0194;;39978;;
NL-HaNA_1.04.02_1539_0195;;39978;;
NL-HaNA_1.04.02_1539_0196;;39978;;
NL-HaNA_1.04.02_1539_0197;;39978;;
NL-HaNA_1.04.02_1539_0198;;39978;;
NL-HaNA_1.04.02_1539_0199;;39978;;
NL-HaNA_1.04.02_1539_0200;;39978;;
NL-HaNA_1.04.02_1539_0201;;39978;;
NL-HaNA_1.04.02_1539_0202;;39978;;
NL-HaNA_1.04.02_1539_0203;END;39978;;
NL-HaNA_1.04.02_1539_0203;START;39979;;
NL-HaNA_1.04.02_1539_0204;;39979;;
NL-HaNA_1.04.02_1539_0205;;39979;;
NL-HaNA_1.04.02_1539_0206;;39979;;
NL-HaNA_1.04.02_1539_0207;;39979;;
NL-HaNA_1.04.02_1539_0208;;39979;;
NL-HaNA_1.04.02_1539_0209;;39979;;
NL-HaNA_1.04.02_1539_0210;;39979;;
NL-HaNA_1.04.02_1539_0211;;39979;;
NL-HaNA_1.04.02_1539_0212;;39979;;
NL-HaNA_1.04.02_1539_0213;;39979;;
NL-HaNA_1.04.02_1539_0214;;39979;;
NL-HaNA_1.04.02_1539_0215;;39979;;
NL-HaNA_1.04.02_1539_0216;;39979;;
NL-HaNA_1.04.02_1539_0217;;39979;;
NL-HaNA_1.04.02_1539_0218;;39979;;
NL-HaNA_1.04.02_1539_0219;END;39979;;
NL-HaNA_1.04.02_1539_0220;START;39980;;
NL-HaNA_1.04.02_1539_0221;;39980;;
NL-HaNA_1.04.02_1539_0222;;39980;;
NL-HaNA_1.04.02_1539_0223;;39980;;
NL-HaNA_1.04.02_1539_0224;;39980;;
NL-HaNA_1.04.02_1539_0225;;39980;;
NL-HaNA_1.04.02_1539_0226;;39980;;
NL-HaNA_1.04.02_1539_0227;;39980;;
NL-HaNA_1.04.02_1539_0228;;39980;;
NL-HaNA_1.04.02_1539_0229;;39980;;
NL-HaNA_1.04.02_1539_0230;;39980;;
NL-HaNA_1.04.02_1539_0231;;39980;;
NL-HaNA_1.04.02_1539_0232;;39980;;
NL-HaNA_1.04.02_1539_0233;END;39980;;
NL-HaNA_1.04.02_1539_0233;START;39981;;
NL-HaNA_1.04.02_1539_0234;;39981;;
NL-HaNA_1.04.02_1539_0235;END;39981;;
NL-HaNA_1.04.02_1539_0236;;;;Empty
NL-HaNA_1.04.02_1539_0237;;;;Empty
NL-HaNA_1.04.02_1539_0238;;;;Empty
NL-HaNA_1.04.02_1539_0239;;;;Empty
NL-HaNA_1.04.02_1539_0240;;;;Empty
NL-HaNA_1.04.02_1539_0241;;;;Empty
NL-HaNA_1.04.02_1539_0242;;;;Empty
NL-HaNA_1.04.02_1539_0243;START;39982;;
NL-HaNA_1.04.02_1539_0244;;39982;;
NL-HaNA_1.04.02_1539_0245;;39982;;
NL-HaNA_1.04.02_1539_0246;;39982;;
NL-HaNA_1.04.02_1539_0247;;39982;;
NL-HaNA_1.04.02_1539_0248;END;39982;;
NL-HaNA_1.04.02_1539_0248;START;39983;;
NL-HaNA_1.04.02_1539_0249;;39983;;
NL-HaNA_1.04.02_1539_0250;;39983;;
NL-HaNA_1.04.02_1539_0251;;39983;;
NL-HaNA_1.04.02_1539_0252;;39983;;
NL-HaNA_1.04.02_1539_0253;;39983;;
NL-HaNA_1.04.02_1539_0254;;39983;;
NL-HaNA_1.04.02_1539_0255;;39983;;
NL-HaNA_1.04.02_1539_0256;;39983;;
NL-HaNA_1.04.02_1539_0257;;39983;;
NL-HaNA_1.04.02_1539_0258;;39983;;
NL-HaNA_1.04.02_1539_0259;;39983;;
NL-HaNA_1.04.02_1539_0260;;39983;;
NL-HaNA_1.04.02_1539_0261;;39983;;
NL-HaNA_1.04.02_1539_0262;;39983;;
NL-HaNA_1.04.02_1539_0263;;39983;;
NL-HaNA_1.04.02_1539_0264;;39983;;
NL-HaNA_1.04.02_1539_0265;;39983;;
NL-HaNA_1.04.02_1539_0266;;39983;;
NL-HaNA_1.04.02_1539_0267;END;39983;;
NL-HaNA_1.04.02_1539_0267;START;39984;;
NL-HaNA_1.04.02_1539_0268;;39984;;
NL-HaNA_1.04.02_1539_0269;;39984;;
NL-HaNA_1.04.02_1539_0270;;39984;;
NL-HaNA_1.04.02_1539_0271;END;39984;;
NL-HaNA_1.04.02_1539_0271;START;39985;;
NL-HaNA_1.04.02_1539_0272;;39985;;
NL-HaNA_1.04.02_1539_0273;;39985;;
NL-HaNA_1.04.02_1539_0274;;39985;;
NL-HaNA_1.04.02_1539_0275;;39985;;
NL-HaNA_1.04.02_1539_0276;;39985;;
NL-HaNA_1.04.02_1539_0277;END;39985;;
NL-HaNA_1.04.02_1539_0278;;;;Empty
NL-HaNA_1.04.02_1539_0279;;;;Empty
NL-HaNA_1.04.02_1539_0280;;;;Empty
NL-HaNA_1.04.02_1539_0281;;;;Empty
NL-HaNA_1.04.02_1539_0282;;;;Empty
NL-HaNA_1.04.02_1539_0283;;;;Empty
NL-HaNA_1.04.02_1539_0284;;;;Empty
NL-HaNA_1.04.02_1539_0285;START;39986;;
NL-HaNA_1.04.02_1539_0286;;39986;;
NL-HaNA_1.04.02_1539_0287;;39986;;
NL-HaNA_1.04.02_1539_0288;;39986;;
NL-HaNA_1.04.02_1539_0289;;39986;;
NL-HaNA_1.04.02_1539_0290;;39986;;
NL-HaNA_1.04.02_1539_0291;;39986;;
NL-HaNA_1.04.02_1539_0292;;39986;;
NL-HaNA_1.04.02_1539_0293;;39986;;
NL-HaNA_1.04.02_1539_0294;;39986;;
NL-HaNA_1.04.02_1539_0295;;39986;;
NL-HaNA_1.04.02_1539_0296;;39986;;
NL-HaNA_1.04.02_1539_0297;;39986;;
NL-HaNA_1.04.02_1539_0298;;39986;;
NL-HaNA_1.04.02_1539_0299;;39986;;
NL-HaNA_1.04.02_1539_0300;;39986;;
NL-HaNA_1.04.02_1539_0301;;39986;;
NL-HaNA_1.04.02_1539_0302;;39986;;
NL-HaNA_1.04.02_1539_0303;;39986;;
NL-HaNA_1.04.02_1539_0304;;39986;;
NL-HaNA_1.04.02_1539_0305;;39986;;
NL-HaNA_1.04.02_1539_0306;;39986;;
NL-HaNA_1.04.02_1539_0307;;39986;;
NL-HaNA_1.04.02_1539_0308;END;39986;;
NL-HaNA_1.04.02_1539_0309;START;39987;;
NL-HaNA_1.04.02_1539_0310;;39987;;
NL-HaNA_1.04.02_1539_0311;;39987;;
NL-HaNA_1.04.02_1539_0312;;39987;;
NL-HaNA_1.04.02_1539_0313;;39987;;
NL-HaNA_1.04.02_1539_0314;;39987;;
NL-HaNA_1.04.02_1539_0315;END;39987;;
NL-HaNA_1.04.02_1539_0315;START;39988;;
NL-HaNA_1.04.02_1539_0316;;39988;;
NL-HaNA_1.04.02_1539_0317;;39988;;
NL-HaNA_1.04.02_1539_0318;;39988;;
NL-HaNA_1.04.02_1539_0319;;39988;;
NL-HaNA_1.04.02_1539_0320;;39988;;
NL-HaNA_1.04.02_1539_0321;;39988;;
NL-HaNA_1.04.02_1539_0322;;39988;;
NL-HaNA_1.04.02_1539_0323;;39988;;
NL-HaNA_1.04.02_1539_0324;;39988;;
NL-HaNA_1.04.02_1539_0325;;39988;;
NL-HaNA_1.04.02_1539_0326;END;39988;;
NL-HaNA_1.04.02_1539_0326;START;39989;;
NL-HaNA_1.04.02_1539_0327;;39989;;
NL-HaNA_1.04.02_1539_0328;;39989;;
NL-HaNA_1.04.02_1539_0329;;39989;;
NL-HaNA_1.04.02_1539_0330;;39989;;
NL-HaNA_1.04.02_1539_0331;;39989;;
NL-HaNA_1.04.02_1539_0332;END;39989;;
NL-HaNA_1.04.02_1539_0332;START;39990;;
NL-HaNA_1.04.02_1539_0333;;39990;;
NL-HaNA_1.04.02_1539_0334;;39990;;
NL-HaNA_1.04.02_1539_0335;;39990;;
NL-HaNA_1.04.02_1539_0336;;39990;;
NL-HaNA_1.04.02_1539_0337;;39990;;
NL-HaNA_1.04.02_1539_0338;;39990;;
NL-HaNA_1.04.02_1539_0339;;39990;;
NL-HaNA_1.04.02_1539_0340;END;39990;;
NL-HaNA_1.04.02_1539_0341;START;39991;;
NL-HaNA_1.04.02_1539_0342;END;39991;;
NL-HaNA_1.04.02_1539_0342;START;39992;;
NL-HaNA_1.04.02_1539_0343;;39992;;
NL-HaNA_1.04.02_1539_0344;;39992;;
NL-HaNA_1.04.02_1539_0345;;39992;;
NL-HaNA_1.04.02_1539_0346;END;39992;;
NL-HaNA_1.04.02_1539_0346;START;39993;;
NL-HaNA_1.04.02_1539_0347;;39993;;
NL-HaNA_1.04.02_1539_0348;;39993;;
NL-HaNA_1.04.02_1539_0349;;39993;;
NL-HaNA_1.04.02_1539_0350;;39993;;
NL-HaNA_1.04.02_1539_0351;;39993;;
NL-HaNA_1.04.02_1539_0352;;39993;;
NL-HaNA_1.04.02_1539_0353;;39993;;
NL-HaNA_1.04.02_1539_0354;;39993;;
NL-HaNA_1.04.02_1539_0355;;39993;;
NL-HaNA_1.04.02_1539_0356;;39993;;
NL-HaNA_1.04.02_1539_0357;;39993;;
NL-HaNA_1.04.02_1539_0358;END;39993;;
NL-HaNA_1.04.02_1539_0358;START;39994;;
NL-HaNA_1.04.02_1539_0359;END;39994;;
NL-HaNA_1.04.02_1539_0359;START;39995;;
NL-HaNA_1.04.02_1539_0360;;39995;;
NL-HaNA_1.04.02_1539_0361;;39995;;
NL-HaNA_1.04.02_1539_0362;;39995;;
NL-HaNA_1.04.02_1539_0363;;39995;;
NL-HaNA_1.04.02_1539_0364;;39995;;
NL-HaNA_1.04.02_1539_0365;END;39995;;
NL-HaNA_1.04.02_1539_0365;START;39996;;
NL-HaNA_1.04.02_1539_0366;END;39996;;
NL-HaNA_1.04.02_1539_0366;START;39997;;
NL-HaNA_1.04.02_1539_0367;;39997;;
NL-HaNA_1.04.02_1539_0368;;39997;;
NL-HaNA_1.04.02_1539_0369;;39997;;
NL-HaNA_1.04.02_1539_0370;;39997;;
NL-HaNA_1.04.02_1539_0371;;39997;;
NL-HaNA_1.04.02_1539_0372;;39997;;
NL-HaNA_1.04.02_1539_0373;;39997;;
NL-HaNA_1.04.02_1539_0374;;39997;;
NL-HaNA_1.04.02_1539_0375;;39997;;
NL-HaNA_1.04.02_1539_0376;;39997;;
NL-HaNA_1.04.02_1539_0377;END;39997;;
NL-HaNA_1.04.02_1539_0377;START;39998;;
NL-HaNA_1.04.02_1539_0378;END;39998;;
NL-HaNA_1.04.02_1539_0378;START;39999;;
NL-HaNA_1.04.02_1539_0379;;39999;;
NL-HaNA_1.04.02_1539_0380;END;39999;;
NL-HaNA_1.04.02_1539_0380;START;40000;;
NL-HaNA_1.04.02_1539_0381;;40000;;
NL-HaNA_1.04.02_1539_0382;;40000;;
NL-HaNA_1.04.02_1539_0383;;40000;;
NL-HaNA_1.04.02_1539_0384;;40000;;
NL-HaNA_1.04.02_1539_0385;;40000;;
NL-HaNA_1.04.02_1539_0386;END;40000;;
NL-HaNA_1.04.02_1539_0386;START;40001;;
NL-HaNA_1.04.02_1539_0387;;40001;;
NL-HaNA_1.04.02_1539_0388;END;40001;;
NL-HaNA_1.04.02_1539_0388;START;40002;;
NL-HaNA_1.04.02_1539_0389;;40002;;
NL-HaNA_1.04.02_1539_0390;;40002;;
NL-HaNA_1.04.02_1539_0391;;40002;;
NL-HaNA_1.04.02_1539_0392;;40002;;
NL-HaNA_1.04.02_1539_0393;;40002;;
NL-HaNA_1.04.02_1539_0394;END;40002;;
NL-HaNA_1.04.02_1539_0394;START;40003;;
NL-HaNA_1.04.02_1539_0395;;40003;;
NL-HaNA_1.04.02_1539_0396;END;40003;;
NL-HaNA_1.04.02_1539_0396;START;40004;;
NL-HaNA_1.04.02_1539_0397;;40004;;
NL-HaNA_1.04.02_1539_0398;;40004;;
NL-HaNA_1.04.02_1539_0399;;40004;;
NL-HaNA_1.04.02_1539_0400;;40004;;
NL-HaNA_1.04.02_1539_0401;END;40004;;
NL-HaNA_1.04.02_1539_0401;START;40005;;
NL-HaNA_1.04.02_1539_0402;END;40005;;
NL-HaNA_1.04.02_1539_0402;START;40006;;
NL-HaNA_1.04.02_1539_0403;;40006;;
NL-HaNA_1.04.02_1539_0404;;40006;;
NL-HaNA_1.04.02_1539_0405;;40006;;
NL-HaNA_1.04.02_1539_0406;END;40006;;
NL-HaNA_1.04.02_1539_0406;START;40007;;
NL-HaNA_1.04.02_1539_0407;END;40007;;
NL-HaNA_1.04.02_1539_0407;START;40008;;
NL-HaNA_1.04.02_1539_0408;;40008;;
NL-HaNA_1.04.02_1539_0409;;40008;;
NL-HaNA_1.04.02_1539_0410;;40008;;
NL-HaNA_1.04.02_1539_0411;;40008;;
NL-HaNA_1.04.02_1539_0412;;40008;;
NL-HaNA_1.04.02_1539_0413;;40008;;
NL-HaNA_1.04.02_1539_0414;END;40008;;
NL-HaNA_1.04.02_1539_0414;START;40009;;
NL-HaNA_1.04.02_1539_0415;END;40009;;
NL-HaNA_1.04.02_1539_0415;START;40010;;
NL-HaNA_1.04.02_1539_0416;;40010;;
NL-HaNA_1.04.02_1539_0417;END;40010;;
NL-HaNA_1.04.02_1539_0417;START;40011;;
NL-HaNA_1.04.02_1539_0418;;40011;;
NL-HaNA_1.04.02_1539_0419;END;40011;;
NL-HaNA_1.04.02_1539_0419;START;40012;;
NL-HaNA_1.04.02_1539_0420;END;40012;;
NL-HaNA_1.04.02_1539_0421;START;40013;;
NL-HaNA_1.04.02_1539_0422;;40013;;
NL-HaNA_1.04.02_1539_0423;;40013;;
NL-HaNA_1.04.02_1539_0424;;40013;;
NL-HaNA_1.04.02_1539_0425;;40013;;
NL-HaNA_1.04.02_1539_0426;;40013;;
NL-HaNA_1.04.02_1539_0427;;40013;;
NL-HaNA_1.04.02_1539_0428;END;40013;;
NL-HaNA_1.04.02_1539_0428;START;40014;;
NL-HaNA_1.04.02_1539_0429;;40014;;
NL-HaNA_1.04.02_1539_0430;END;40014;;
NL-HaNA_1.04.02_1539_0430;START;40015;;
NL-HaNA_1.04.02_1539_0431;END;40015;;
NL-HaNA_1.04.02_1539_0431;START;40016;;
NL-HaNA_1.04.02_1539_0432;;40016;;
NL-HaNA_1.04.02_1539_0433;END;40016;;
NL-HaNA_1.04.02_1539_0433;START;40017;;
NL-HaNA_1.04.02_1539_0434;END;40017;;
NL-HaNA_1.04.02_1539_0435;START;40018;;
NL-HaNA_1.04.02_1539_0436;;40018;;
NL-HaNA_1.04.02_1539_0437;;40018;;
NL-HaNA_1.04.02_1539_0438;;40018;;
NL-HaNA_1.04.02_1539_0439;END;40018;;
NL-HaNA_1.04.02_1539_0440;START;40019;;
NL-HaNA_1.04.02_1539_0441;;40019;;
NL-HaNA_1.04.02_1539_0442;;40019;;
NL-HaNA_1.04.02_1539_0443;;40019;;
NL-HaNA_1.04.02_1539_0444;;40019;;
NL-HaNA_1.04.02_1539_0445;;40019;;
NL-HaNA_1.04.02_1539_0446;;40019;;
NL-HaNA_1.04.02_1539_0447;;40019;;
NL-HaNA_1.04.02_1539_0448;;40019;;
NL-HaNA_1.04.02_1539_0449;;40019;;
NL-HaNA_1.04.02_1539_0450;;40019;;
NL-HaNA_1.04.02_1539_0451;;40019;;
NL-HaNA_1.04.02_1539_0452;;40019;;
NL-HaNA_1.04.02_1539_0453;;40019;;
NL-HaNA_1.04.02_1539_0454;;40019;;
NL-HaNA_1.04.02_1539_0455;;40019;;
NL-HaNA_1.04.02_1539_0456;;40019;;
NL-HaNA_1.04.02_1539_0457;END;40019;;
NL-HaNA_1.04.02_1539_0457;START;40020;;
NL-HaNA_1.04.02_1539_0458;END;40020;;
NL-HaNA_1.04.02_1539_0458;START;40021;;
NL-HaNA_1.04.02_1539_0459;;40021;;
NL-HaNA_1.04.02_1539_0460;;40021;;
NL-HaNA_1.04.02_1539_0461;;40021;;
NL-HaNA_1.04.02_1539_0462;END;40021;;
NL-HaNA_1.04.02_1539_0463;START;40022;;
NL-HaNA_1.04.02_1539_0464;END;40022;;
NL-HaNA_1.04.02_1539_0465;START;40023;;
NL-HaNA_1.04.02_1539_0466;;40023;;
NL-HaNA_1.04.02_1539_0467;;40023;;
NL-HaNA_1.04.02_1539_0468;;40023;;
NL-HaNA_1.04.02_1539_0469;;40023;;
NL-HaNA_1.04.02_1539_0470;;40023;;
NL-HaNA_1.04.02_1539_0471;;40023;;
NL-HaNA_1.04.02_1539_0472;;40023;;
NL-HaNA_1.04.02_1539_0473;;40023;;
NL-HaNA_1.04.02_1539_0474;END;40023;;
NL-HaNA_1.04.02_1539_0474;START;40024;;
NL-HaNA_1.04.02_1539_0475;END;40024;;
NL-HaNA_1.04.02_1539_0476;START;40025;;
NL-HaNA_1.04.02_1539_0477;;40025;;
NL-HaNA_1.04.02_1539_0478;;40025;;
NL-HaNA_1.04.02_1539_0479;;40025;;
NL-HaNA_1.04.02_1539_0480;;40025;;
NL-HaNA_1.04.02_1539_0481;;40025;;
NL-HaNA_1.04.02_1539_0482;;40025;;
NL-HaNA_1.04.02_1539_0483;END;40025;;
NL-HaNA_1.04.02_1539_0484;START;40026;;
NL-HaNA_1.04.02_1539_0485;;40026;;
NL-HaNA_1.04.02_1539_0486;;40026;;
NL-HaNA_1.04.02_1539_0487;END;40026;;
NL-HaNA_1.04.02_1539_0487;START;40027;;
NL-HaNA_1.04.02_1539_0488;END;40027;;
NL-HaNA_1.04.02_1539_0488;START;40028;;
NL-HaNA_1.04.02_1539_0489;;40028;;
NL-HaNA_1.04.02_1539_0490;;40028;;
NL-HaNA_1.04.02_1539_0491;;40028;;
NL-HaNA_1.04.02_1539_0492;;40028;;
NL-HaNA_1.04.02_1539_0493;;40028;;
NL-HaNA_1.04.02_1539_0494;;40028;;
NL-HaNA_1.04.02_1539_0495;;40028;;
NL-HaNA_1.04.02_1539_0496;END;40028;;
NL-HaNA_1.04.02_1539_0496;START;40029;;
NL-HaNA_1.04.02_1539_0497;;40029;;
NL-HaNA_1.04.02_1539_0498;;40029;;
NL-HaNA_1.04.02_1539_0499;;40029;;
NL-HaNA_1.04.02_1539_0500;END;40029;;
NL-HaNA_1.04.02_1539_0500;START;40030;;
NL-HaNA_1.04.02_1539_0501;;40030;;
NL-HaNA_1.04.02_1539_0502;END;40030;;
NL-HaNA_1.04.02_1539_0503;;;;Empty
NL-HaNA_1.04.02_1539_0504;;;;Empty
NL-HaNA_1.04.02_1539_0505;;;;Empty
NL-HaNA_1.04.02_1539_0506;;;;Empty
NL-HaNA_1.04.02_1539_0507;;;;Empty
NL-HaNA_1.04.02_1539_0508;;;;Empty
NL-HaNA_1.04.02_1539_0509;START;40031;;
NL-HaNA_1.04.02_1539_0509;END;40031;;
NL-HaNA_1.04.02_1539_0510;;;;Empty
NL-HaNA_1.04.02_1539_0511;;;;Empty
NL-HaNA_1.04.02_1539_0512;;;;Empty
NL-HaNA_1.04.02_1539_0513;START;40032;;
NL-HaNA_1.04.02_1539_0514;;40032;;
NL-HaNA_1.04.02_1539_0515;;40032;;
NL-HaNA_1.04.02_1539_0516;;40032;;
NL-HaNA_1.04.02_1539_0517;END;40032;;
NL-HaNA_1.04.02_1539_0517;START;40033;;
NL-HaNA_1.04.02_1539_0518;END;40033;;
NL-HaNA_1.04.02_1539_0518;START;40034;;
NL-HaNA_1.04.02_1539_0519;END;40034;;
NL-HaNA_1.04.02_1539_0519;START;40035;;
NL-HaNA_1.04.02_1539_0520;END;40035;;
NL-HaNA_1.04.02_1539_0521;START;40036;;
NL-HaNA_1.04.02_1539_0522;;40036;;
NL-HaNA_1.04.02_1539_0523;;40036;;
NL-HaNA_1.04.02_1539_0524;;40036;;
NL-HaNA_1.04.02_1539_0525;;40036;;
NL-HaNA_1.04.02_1539_0526;;40036;;
NL-HaNA_1.04.02_1539_0527;;40036;;
NL-HaNA_1.04.02_1539_0528;END;40036;;
NL-HaNA_1.04.02_1539_0528;START;40037;;
NL-HaNA_1.04.02_1539_0529;;40037;;
NL-HaNA_1.04.02_1539_0530;;40037;;
NL-HaNA_1.04.02_1539_0531;;40037;;
NL-HaNA_1.04.02_1539_0532;;40037;;
NL-HaNA_1.04.02_1539_0533;;40037;;
NL-HaNA_1.04.02_1539_0534;;40037;;
NL-HaNA_1.04.02_1539_0535;;40037;;
NL-HaNA_1.04.02_1539_0536;;40037;;
NL-HaNA_1.04.02_1539_0537;END;40037;;
NL-HaNA_1.04.02_1539_0537;START;40038;;
NL-HaNA_1.04.02_1539_0538;END;40038;;
NL-HaNA_1.04.02_1539_0538;START;40039;;
NL-HaNA_1.04.02_1539_0539;;40039;;
NL-HaNA_1.04.02_1539_0540;;40039;;
NL-HaNA_1.04.02_1539_0541;;40039;;
NL-HaNA_1.04.02_1539_0542;;40039;;
NL-HaNA_1.04.02_1539_0543;;40039;;
NL-HaNA_1.04.02_1539_0544;;40039;;
NL-HaNA_1.04.02_1539_0545;;40039;;
NL-HaNA_1.04.02_1539_0546;END;40039;;
NL-HaNA_1.04.02_1539_0546;START;40040;START;
NL-HaNA_1.04.02_1539_0547;;40040;;
NL-HaNA_1.04.02_1539_0548;;40040;END/START;
NL-HaNA_1.04.02_1539_0549;;40040;;
NL-HaNA_1.04.02_1539_0550;;40040;;
NL-HaNA_1.04.02_1539_0551;END;40040;END;
NL-HaNA_1.04.02_1539_0551;START;40041;;
NL-HaNA_1.04.02_1539_0552;END;40041;;
NL-HaNA_1.04.02_1539_0553;;;;Empty
NL-HaNA_1.04.02_1539_0554;;;;Empty
NL-HaNA_1.04.02_1539_0555;;;;Empty
NL-HaNA_1.04.02_1539_0556;;;;Empty
NL-HaNA_1.04.02_1539_0557;;;;Empty
NL-HaNA_1.04.02_1539_0558;;;;Empty
NL-HaNA_1.04.02_1539_0559;;;;Empty
NL-HaNA_1.04.02_1539_0560;;;;Empty
NL-HaNA_1.04.02_1539_0561;;;;Empty
NL-HaNA_1.04.02_1539_0562;;;;Empty
NL-HaNA_1.04.02_1539_0563;START;40042;;
NL-HaNA_1.04.02_1539_0564;END;40042;;
NL-HaNA_1.04.02_1539_0565;START;40043;;
NL-HaNA_1.04.02_1539_0566;;40043;;
NL-HaNA_1.04.02_1539_0567;;40043;;
NL-HaNA_1.04.02_1539_0568;;40043;;
NL-HaNA_1.04.02_1539_0569;;40043;;
NL-HaNA_1.04.02_1539_0570;;40043;;
NL-HaNA_1.04.02_1539_0571;;40043;;
NL-HaNA_1.04.02_1539_0572;;40043;;
NL-HaNA_1.04.02_1539_0573;;40043;;
NL-HaNA_1.04.02_1539_0574;;40043;;
NL-HaNA_1.04.02_1539_0575;;40043;;
NL-HaNA_1.04.02_1539_0576;END;40043;;
NL-HaNA_1.04.02_1539_0577;START;40044;;
NL-HaNA_1.04.02_1539_0578;END;40044;;
NL-HaNA_1.04.02_1539_0578;START;40045;;
NL-HaNA_1.04.02_1539_0579;;40045;;
NL-HaNA_1.04.02_1539_0580;;40045;;
NL-HaNA_1.04.02_1539_0581;END;40045;;
NL-HaNA_1.04.02_1539_0582;START;40046;;
NL-HaNA_1.04.02_1539_0583;END;40046;;
NL-HaNA_1.04.02_1539_0583;START;40047;;
NL-HaNA_1.04.02_1539_0584;;40047;;
NL-HaNA_1.04.02_1539_0585;;40047;;
NL-HaNA_1.04.02_1539_0586;;40047;;
NL-HaNA_1.04.02_1539_0587;;40047;;
NL-HaNA_1.04.02_1539_0588;;40047;;
NL-HaNA_1.04.02_1539_0589;;40047;;
NL-HaNA_1.04.02_1539_0590;;40047;;
NL-HaNA_1.04.02_1539_0591;;40047;;
NL-HaNA_1.04.02_1539_0592;;40047;;
NL-HaNA_1.04.02_1539_0593;;40047;;
NL-HaNA_1.04.02_1539_0594;;40047;;
NL-HaNA_1.04.02_1539_0595;;40047;;
NL-HaNA_1.04.02_1539_0596;;40047;;
NL-HaNA_1.04.02_1539_0597;END;40047;;
NL-HaNA_1.04.02_1539_0598;START;40048;;
NL-HaNA_1.04.02_1539_0599;END;40048;;
NL-HaNA_1.04.02_1539_0600;START;40049;;
NL-HaNA_1.04.02_1539_0601;;40049;;
NL-HaNA_1.04.02_1539_0602;END;40049;;
NL-HaNA_1.04.02_1539_0602;START;40050;;
NL-HaNA_1.04.02_1539_0603;;40050;;
NL-HaNA_1.04.02_1539_0604;;40050;;
NL-HaNA_1.04.02_1539_0605;END;40050;;
NL-HaNA_1.04.02_1539_0605;START;40051;;
NL-HaNA_1.04.02_1539_0606;;40051;;
NL-HaNA_1.04.02_1539_0607;;40051;;
NL-HaNA_1.04.02_1539_0608;;40051;;
NL-HaNA_1.04.02_1539_0609;;40051;;
NL-HaNA_1.04.02_1539_0610;;40051;;
NL-HaNA_1.04.02_1539_0611;END;40051;;
NL-HaNA_1.04.02_1539_0612;START;40052;;
NL-HaNA_1.04.02_1539_0613;END;40052;;
NL-HaNA_1.04.02_1539_0613;START;40053;;
NL-HaNA_1.04.02_1539_0614;;40053;;
NL-HaNA_1.04.02_1539_0615;END;40053;;
NL-HaNA_1.04.02_1539_0615;START;40054;;
NL-HaNA_1.04.02_1539_0616;;40054;;
NL-HaNA_1.04.02_1539_0617;;40054;;
NL-HaNA_1.04.02_1539_0618;END;40054;;
NL-HaNA_1.04.02_1539_0618;START;40055;;
NL-HaNA_1.04.02_1539_0619;;40055;;
NL-HaNA_1.04.02_1539_0620;;40055;;
NL-HaNA_1.04.02_1539_0621;;40055;;
NL-HaNA_1.04.02_1539_0622;;40055;;
NL-HaNA_1.04.02_1539_0623;END;40055;;
NL-HaNA_1.04.02_1539_0623;START;40056;;
NL-HaNA_1.04.02_1539_0624;END;40056;;
NL-HaNA_1.04.02_1539_0624;START;40057;;
NL-HaNA_1.04.02_1539_0625;;40057;;
NL-HaNA_1.04.02_1539_0626;END;40057;;
NL-HaNA_1.04.02_1539_0626;START;40058;;
NL-HaNA_1.04.02_1539_0627;END;40058;;
NL-HaNA_1.04.02_1539_0627;START;40059;;
NL-HaNA_1.04.02_1539_0628;;40059;;
NL-HaNA_1.04.02_1539_0629;;40059;;
NL-HaNA_1.04.02_1539_0630;;40059;;
NL-HaNA_1.04.02_1539_0631;;40059;;
NL-HaNA_1.04.02_1539_0632;;40059;;
NL-HaNA_1.04.02_1539_0633;;40059;;
NL-HaNA_1.04.02_1539_0634;;40059;;
NL-HaNA_1.04.02_1539_0635;;40059;;
NL-HaNA_1.04.02_1539_0636;;40059;;
NL-HaNA_1.04.02_1539_0637;;40059;;
NL-HaNA_1.04.02_1539_0638;;40059;;
NL-HaNA_1.04.02_1539_0639;;40059;;
NL-HaNA_1.04.02_1539_0640;;40059;;
NL-HaNA_1.04.02_1539_0641;END;40059;;
NL-HaNA_1.04.02_1539_0641;START;40060;;
NL-HaNA_1.04.02_1539_0642;;40060;;
NL-HaNA_1.04.02_1539_0643;;40060;;
NL-HaNA_1.04.02_1539_0644;;40060;;
NL-HaNA_1.04.02_1539_0645;;40060;;
NL-HaNA_1.04.02_1539_0646;;40060;;
NL-HaNA_1.04.02_1539_0647;;40060;;
NL-HaNA_1.04.02_1539_0648;;40060;;
NL-HaNA_1.04.02_1539_0649;;40060;;
NL-HaNA_1.04.02_1539_0650;;40060;;
NL-HaNA_1.04.02_1539_0651;;40060;;
NL-HaNA_1.04.02_1539_0652;;40060;;
NL-HaNA_1.04.02_1539_0653;;40060;;
NL-HaNA_1.04.02_1539_0654;;40060;;
NL-HaNA_1.04.02_1539_0655;;40060;;
NL-HaNA_1.04.02_1539_0656;END;40060;;
NL-HaNA_1.04.02_1539_0656;START;40061;;
NL-HaNA_1.04.02_1539_0657;END;40061;;
NL-HaNA_1.04.02_1539_0658;START;40062;;
NL-HaNA_1.04.02_1539_0659;;40062;;
NL-HaNA_1.04.02_1539_0660;;40062;;
NL-HaNA_1.04.02_1539_0661;;40062;;
NL-HaNA_1.04.02_1539_0662;;40062;;
NL-HaNA_1.04.02_1539_0663;;40062;;
NL-HaNA_1.04.02_1539_0664;;40062;;
NL-HaNA_1.04.02_1539_0665;;40062;;
NL-HaNA_1.04.02_1539_0666;;40062;;
NL-HaNA_1.04.02_1539_0667;;40062;;
NL-HaNA_1.04.02_1539_0668;;40062;;
NL-HaNA_1.04.02_1539_0669;END;40062;;
NL-HaNA_1.04.02_1539_0669;START;40063;;
NL-HaNA_1.04.02_1539_0670;;40063;;
NL-HaNA_1.04.02_1539_0671;;40063;;
NL-HaNA_1.04.02_1539_0672;END;40063;;
NL-HaNA_1.04.02_1539_0672;START;40064;;
NL-HaNA_1.04.02_1539_0673;END;40064;;
NL-HaNA_1.04.02_1539_0674;START;40065;;
NL-HaNA_1.04.02_1539_0675;;40065;;
NL-HaNA_1.04.02_1539_0676;;40065;;
NL-HaNA_1.04.02_1539_0677;;40065;;
NL-HaNA_1.04.02_1539_0678;;40065;;
NL-HaNA_1.04.02_1539_0679;;40065;;
NL-HaNA_1.04.02_1539_0680;;40065;;
NL-HaNA_1.04.02_1539_0681;;40065;;
NL-HaNA_1.04.02_1539_0682;END;40065;;
NL-HaNA_1.04.02_1539_0682;START;40066;;
NL-HaNA_1.04.02_1539_0683;;40066;;
NL-HaNA_1.04.02_1539_0684;;40066;;
NL-HaNA_1.04.02_1539_0685;;40066;;
NL-HaNA_1.04.02_1539_0686;;40066;;
NL-HaNA_1.04.02_1539_0687;;40066;;
NL-HaNA_1.04.02_1539_0688;;40066;;
NL-HaNA_1.04.02_1539_0689;;40066;;
NL-HaNA_1.04.02_1539_0690;;40066;;
NL-HaNA_1.04.02_1539_0691;END;40066;;
NL-HaNA_1.04.02_1539_0691;START;40067;;
NL-HaNA_1.04.02_1539_0692;;40067;;
NL-HaNA_1.04.02_1539_0693;END;40067;;
NL-HaNA_1.04.02_1539_0693;START;40068;;
NL-HaNA_1.04.02_1539_0694;END;40068;;
NL-HaNA_1.04.02_1539_0694;START;40069;;
NL-HaNA_1.04.02_1539_0695;;40069;;
NL-HaNA_1.04.02_1539_0696;;40069;;
NL-HaNA_1.04.02_1539_0697;;40069;;
NL-HaNA_1.04.02_1539_0698;;40069;;
NL-HaNA_1.04.02_1539_0699;;40069;;
NL-HaNA_1.04.02_1539_0700;;40069;;
NL-HaNA_1.04.02_1539_0701;END;40069;;
NL-HaNA_1.04.02_1539_0701;START;40070;;
NL-HaNA_1.04.02_1539_0702;END;40070;;
NL-HaNA_1.04.02_1539_0702;START;40071;;
NL-HaNA_1.04.02_1539_0703;END;40071;;
NL-HaNA_1.04.02_1539_0704;START;40072;;
NL-HaNA_1.04.02_1539_0704;END;40072;;
NL-HaNA_1.04.02_1539_0704;START;40073;;
NL-HaNA_1.04.02_1539_0705;;40073;;
NL-HaNA_1.04.02_1539_0706;;40073;;
NL-HaNA_1.04.02_1539_0707;;40073;;
NL-HaNA_1.04.02_1539_0708;;40073;;
NL-HaNA_1.04.02_1539_0709;END;40073;;
NL-HaNA_1.04.02_1539_0709;START;40074;;
NL-HaNA_1.04.02_1539_0710;;40074;;
NL-HaNA_1.04.02_1539_0711;END;40074;;
NL-HaNA_1.04.02_1539_0711;START;40075;;
NL-HaNA_1.04.02_1539_0712;;40075;;
NL-HaNA_1.04.02_1539_0713;;40075;;
NL-HaNA_1.04.02_1539_0714;;40075;;
NL-HaNA_1.04.02_1539_0715;END;40075;;
NL-HaNA_1.04.02_1539_0715;START;40076;;
NL-HaNA_1.04.02_1539_0716;;40076;;
NL-HaNA_1.04.02_1539_0717;;40076;;
NL-HaNA_1.04.02_1539_0718;;40076;;
NL-HaNA_1.04.02_1539_0719;;40076;;
NL-HaNA_1.04.02_1539_0720;;40076;;
NL-HaNA_1.04.02_1539_0721;END;40076;;
NL-HaNA_1.04.02_1539_0721;START;40077;;
NL-HaNA_1.04.02_1539_0722;;40077;;
NL-HaNA_1.04.02_1539_0723;;40077;;
NL-HaNA_1.04.02_1539_0724;;40077;;
NL-HaNA_1.04.02_1539_0725;;40077;;
NL-HaNA_1.04.02_1539_0726;;40077;;
NL-HaNA_1.04.02_1539_0727;;40077;;
NL-HaNA_1.04.02_1539_0728;;40077;;
NL-HaNA_1.04.02_1539_0729;;40077;;
NL-HaNA_1.04.02_1539_0730;;40077;;
NL-HaNA_1.04.02_1539_0731;;40077;;
NL-HaNA_1.04.02_1539_0732;;40077;;
NL-HaNA_1.04.02_1539_0733;;40077;;
NL-HaNA_1.04.02_1539_0734;;40077;;
NL-HaNA_1.04.02_1539_0735;;40077;;
NL-HaNA_1.04.02_1539_0736;;40077;;
NL-HaNA_1.04.02_1539_0737;;40077;;
NL-HaNA_1.04.02_1539_0738;;40077;;
NL-HaNA_1.04.02_1539_0739;;40077;;
NL-HaNA_1.04.02_1539_0740;;40077;;
NL-HaNA_1.04.02_1539_0741;;40077;;
NL-HaNA_1.04.02_1539_0742;;40077;;
NL-HaNA_1.04.02_1539_0743;;40077;;
NL-HaNA_1.04.02_1539_0744;;40077;;
NL-HaNA_1.04.02_1539_0745;;40077;;
NL-HaNA_1.04.02_1539_0746;;40077;;
NL-HaNA_1.04.02_1539_0747;;40077;;
NL-HaNA_1.04.02_1539_0748;;40077;;
NL-HaNA_1.04.02_1539_0749;;40077;;
NL-HaNA_1.04.02_1539_0750;;40077;;
NL-HaNA_1.04.02_1539_0751;;40077;;
NL-HaNA_1.04.02_1539_0752;;40077;;
NL-HaNA_1.04.02_1539_0753;;40077;;
NL-HaNA_1.04.02_1539_0754;;40077;;
NL-HaNA_1.04.02_1539_0755;;40077;;
NL-HaNA_1.04.02_1539_0756;;40077;;
NL-HaNA_1.04.02_1539_0757;;40077;;
NL-HaNA_1.04.02_1539_0758;;40077;;
NL-HaNA_1.04.02_1539_0759;END;40077;;
NL-HaNA_1.04.02_1539_0760;START;40078;;
NL-HaNA_1.04.02_1539_0761;;40078;;
NL-HaNA_1.04.02_1539_0762;;40078;;
NL-HaNA_1.04.02_1539_0763;;40078;;
NL-HaNA_1.04.02_1539_0764;END;40078;;
NL-HaNA_1.04.02_1539_0765;START;40079;;
NL-HaNA_1.04.02_1539_0766;END;40079;;
NL-HaNA_1.04.02_1539_0766;START;40080;;
NL-HaNA_1.04.02_1539_0767;;40080;;
NL-HaNA_1.04.02_1539_0768;;40080;;
NL-HaNA_1.04.02_1539_0769;;40080;;
NL-HaNA_1.04.02_1539_0770;;40080;;
NL-HaNA_1.04.02_1539_0771;;40080;;
NL-HaNA_1.04.02_1539_0772;;40080;;
NL-HaNA_1.04.02_1539_0773;;40080;;
NL-HaNA_1.04.02_1539_0774;;40080;;
NL-HaNA_1.04.02_1539_0775;;40080;;
NL-HaNA_1.04.02_1539_0776;END;40080;;
NL-HaNA_1.04.02_1539_0776;START;40081;;
NL-HaNA_1.04.02_1539_0777;;40081;;
NL-HaNA_1.04.02_1539_0778;;40081;;
NL-HaNA_1.04.02_1539_0779;;40081;;
NL-HaNA_1.04.02_1539_0780;END;40081;;
NL-HaNA_1.04.02_1539_0780;START;40082;;
NL-HaNA_1.04.02_1539_0781;END;40082;;
NL-HaNA_1.04.02_1539_0781;START;40083;;
NL-HaNA_1.04.02_1539_0782;;40083;;
NL-HaNA_1.04.02_1539_0783;;40083;;
NL-HaNA_1.04.02_1539_0784;;40083;;
NL-HaNA_1.04.02_1539_0785;;40083;;
NL-HaNA_1.04.02_1539_0786;;40083;;
NL-HaNA_1.04.02_1539_0787;END;40083;;
NL-HaNA_1.04.02_1539_0788;;;;Empty
NL-HaNA_1.04.02_1539_0789;START;40084;;
NL-HaNA_1.04.02_1539_0790;END;40084;;
NL-HaNA_1.04.02_1539_0791;;;;Empty
NL-HaNA_1.04.02_1539_0792;;;;Empty
NL-HaNA_1.04.02_1539_0793;START;40085;;
NL-HaNA_1.04.02_1539_0794;;40085;;
NL-HaNA_1.04.02_1539_0795;;40085;;
NL-HaNA_1.04.02_1539_0796;;40085;;
NL-HaNA_1.04.02_1539_0797;END;40085;;
NL-HaNA_1.04.02_1539_0797;START;40086;;
NL-HaNA_1.04.02_1539_0798;;40086;;
NL-HaNA_1.04.02_1539_0799;END;40086;;
NL-HaNA_1.04.02_1539_0800;START;40087;;
NL-HaNA_1.04.02_1539_0801;END;40087;;
NL-HaNA_1.04.02_1539_0801;START;40088;;
NL-HaNA_1.04.02_1539_0802;END;40088;;
NL-HaNA_1.04.02_1539_0803;START;40089;;
NL-HaNA_1.04.02_1539_0804;END;40089;;
NL-HaNA_1.04.02_1539_0804;START;40090;;
NL-HaNA_1.04.02_1539_0805;;40090;;
NL-HaNA_1.04.02_1539_0806;END;40090;;
NL-HaNA_1.04.02_1539_0806;START;40091;;
NL-HaNA_1.04.02_1539_0807;;40091;;
NL-HaNA_1.04.02_1539_0808;END;40091;;
NL-HaNA_1.04.02_1539_0808;START;40092;;
NL-HaNA_1.04.02_1539_0809;;40092;;
NL-HaNA_1.04.02_1539_0810;END;40092;;
NL-HaNA_1.04.02_1539_0810;START;40093;;
NL-HaNA_1.04.02_1539_0811;;40093;;
NL-HaNA_1.04.02_1539_0812;;40093;;
NL-HaNA_1.04.02_1539_0813;;40093;;
NL-HaNA_1.04.02_1539_0814;;40093;;
NL-HaNA_1.04.02_1539_0815;;40093;;
NL-HaNA_1.04.02_1539_0816;;40093;;
NL-HaNA_1.04.02_1539_0817;;40093;;
NL-HaNA_1.04.02_1539_0818;END;40093;;
NL-HaNA_1.04.02_1539_0818;START;40094;;
NL-HaNA_1.04.02_1539_0819;;40094;;
NL-HaNA_1.04.02_1539_0820;;40094;;
NL-HaNA_1.04.02_1539_0821;;40094;;
NL-HaNA_1.04.02_1539_0822;END;40094;;
NL-HaNA_1.04.02_1539_0822;START;40095;;
NL-HaNA_1.04.02_1539_0823;;40095;;
NL-HaNA_1.04.02_1539_0824;END;40095;;
NL-HaNA_1.04.02_1539_0825;START;40096;;
NL-HaNA_1.04.02_1539_0826;;40096;;
NL-HaNA_1.04.02_1539_0827;;40096;;
NL-HaNA_1.04.02_1539_0828;;40096;;
NL-HaNA_1.04.02_1539_0829;;40096;;
NL-HaNA_1.04.02_1539_0830;;40096;;
NL-HaNA_1.04.02_1539_0831;END;40096;;
NL-HaNA_1.04.02_1539_0831;START;40097;;
NL-HaNA_1.04.02_1539_0832;END;40097;;
NL-HaNA_1.04.02_1539_0832;START;40098;;
NL-HaNA_1.04.02_1539_0833;;40098;;
NL-HaNA_1.04.02_1539_0834;;40098;;
NL-HaNA_1.04.02_1539_0835;;40098;;
NL-HaNA_1.04.02_1539_0836;END;40098;;
NL-HaNA_1.04.02_1539_0837;;;;Empty
NL-HaNA_1.04.02_1539_0838;;;;Empty
NL-HaNA_1.04.02_1539_0839;;;;Empty
NL-HaNA_1.04.02_1539_0840;;;;Empty
NL-HaNA_1.04.02_1539_0841;;;;Empty
NL-HaNA_1.04.02_1539_0842;;;;Empty
NL-HaNA_1.04.02_1539_0843;START;40099;;
NL-HaNA_1.04.02_1539_0844;END;40099;;
NL-HaNA_1.04.02_1539_0845;START;40100;;
NL-HaNA_1.04.02_1539_0846;SAME AS NL-HaNA_1.04.02_1539_0844;40100;;
NL-HaNA_1.04.02_1539_0847;SAME AS NL-HaNA_1.04.02_1539_0845;40100;;
NL-HaNA_1.04.02_1539_0848;;40100;;
NL-HaNA_1.04.02_1539_0849;;40100;;
NL-HaNA_1.04.02_1539_0850;;40100;;
NL-HaNA_1.04.02_1539_0851;;40100;;
NL-HaNA_1.04.02_1539_0852;END;40100;;
NL-HaNA_1.04.02_1539_0852;START;40101;;
NL-HaNA_1.04.02_1539_0853;;40101;;
NL-HaNA_1.04.02_1539_0854;;40101;;
NL-HaNA_1.04.02_1539_0855;;40101;;
NL-HaNA_1.04.02_1539_0856;;40101;;
NL-HaNA_1.04.02_1539_0857;;40101;;
NL-HaNA_1.04.02_1539_0858;;40101;;
NL-HaNA_1.04.02_1539_0859;END;40101;;
NL-HaNA_1.04.02_1539_0859;START;40102;;
NL-HaNA_1.04.02_1539_0860;;40102;;
NL-HaNA_1.04.02_1539_0861;;40102;;
NL-HaNA_1.04.02_1539_0862;;40102;;
NL-HaNA_1.04.02_1539_0863;;40102;;
NL-HaNA_1.04.02_1539_0864;;40102;;
NL-HaNA_1.04.02_1539_0865;END;40102;;
NL-HaNA_1.04.02_1539_0865;START;40103;;
NL-HaNA_1.04.02_1539_0866;;40103;;
NL-HaNA_1.04.02_1539_0867;;40103;;
NL-HaNA_1.04.02_1539_0868;;40103;;
NL-HaNA_1.04.02_1539_0869;;40103;;
NL-HaNA_1.04.02_1539_0870;;40103;;
NL-HaNA_1.04.02_1539_0871;;40103;;
NL-HaNA_1.04.02_1539_0872;END;40103;;
NL-HaNA_1.04.02_1539_0872;START;40104;;
NL-HaNA_1.04.02_1539_0873;;40104;;
NL-HaNA_1.04.02_1539_0874;;40104;;
NL-HaNA_1.04.02_1539_0875;;40104;;
NL-HaNA_1.04.02_1539_0876;;40104;;
NL-HaNA_1.04.02_1539_0877;;40104;;
NL-HaNA_1.04.02_1539_0878;;40104;;
NL-HaNA_1.04.02_1539_0879;;40104;;
NL-HaNA_1.04.02_1539_0880;;40104;;
NL-HaNA_1.04.02_1539_0881;;40104;;
NL-HaNA_1.04.02_1539_0882;END;40104;;
NL-HaNA_1.04.02_1539_0883;START;40105;;
NL-HaNA_1.04.02_1539_0884;;40105;;
NL-HaNA_1.04.02_1539_0885;;40105;;
NL-HaNA_1.04.02_1539_0886;;40105;;
NL-HaNA_1.04.02_1539_0887;;40105;;
NL-HaNA_1.04.02_1539_0888;;40105;;
NL-HaNA_1.04.02_1539_0889;END;40105;;
NL-HaNA_1.04.02_1539_0889;START;40106;;
NL-HaNA_1.04.02_1539_0890;;40106;;
NL-HaNA_1.04.02_1539_0891;;40106;;
NL-HaNA_1.04.02_1539_0892;;40106;;
NL-HaNA_1.04.02_1539_0893;;40106;;
NL-HaNA_1.04.02_1539_0894;END;40106;;
NL-HaNA_1.04.02_1539_0894;START;40107;;
NL-HaNA_1.04.02_1539_0895;;40107;;
NL-HaNA_1.04.02_1539_0896;;40107;;
NL-HaNA_1.04.02_1539_0897;;40107;;
NL-HaNA_1.04.02_1539_0898;;40107;;
NL-HaNA_1.04.02_1539_0899;END;40107;;
NL-HaNA_1.04.02_1539_0899;START;40108;;
NL-HaNA_1.04.02_1539_0900;;40108;;
NL-HaNA_1.04.02_1539_0901;;40108;;
NL-HaNA_1.04.02_1539_0902;;40108;;
NL-HaNA_1.04.02_1539_0903;;40108;;
NL-HaNA_1.04.02_1539_0904;;40108;;
NL-HaNA_1.04.02_1539_0905;END;40108;;
NL-HaNA_1.04.02_1539_0906;START;40109;;
NL-HaNA_1.04.02_1539_0907;;40109;;
NL-HaNA_1.04.02_1539_0908;;40109;;
NL-HaNA_1.04.02_1539_0909;;40109;;
NL-HaNA_1.04.02_1539_0910;;40109;;
NL-HaNA_1.04.02_1539_0911;END;40109;;
NL-HaNA_1.04.02_1539_0911;START;40110;;
NL-HaNA_1.04.02_1539_0912;;40110;;
NL-HaNA_1.04.02_1539_0913;;40110;;
NL-HaNA_1.04.02_1539_0914;;40110;;
NL-HaNA_1.04.02_1539_0915;;40110;;
NL-HaNA_1.04.02_1539_0916;;40110;;
NL-HaNA_1.04.02_1539_0917;END;40110;;
NL-HaNA_1.04.02_1539_0917;START;40111;;
NL-HaNA_1.04.02_1539_0918;;40111;;
NL-HaNA_1.04.02_1539_0919;;40111;;
NL-HaNA_1.04.02_1539_0920;;40111;;
NL-HaNA_1.04.02_1539_0921;;40111;;
NL-HaNA_1.04.02_1539_0922;;40111;;
NL-HaNA_1.04.02_1539_0923;END;40111;;
NL-HaNA_1.04.02_1539_0923;START;40112;;
NL-HaNA_1.04.02_1539_0924;;40112;;
NL-HaNA_1.04.02_1539_0925;;40112;;
NL-HaNA_1.04.02_1539_0926;;40112;;
NL-HaNA_1.04.02_1539_0927;;40112;;
NL-HaNA_1.04.02_1539_0928;;40112;;
NL-HaNA_1.04.02_1539_0929;;40112;;
NL-HaNA_1.04.02_1539_0930;;40112;;
NL-HaNA_1.04.02_1539_0931;END;40112;;
NL-HaNA_1.04.02_1539_0931;START;40113;;
NL-HaNA_1.04.02_1539_0932;;40113;;
NL-HaNA_1.04.02_1539_0933;;40113;;
NL-HaNA_1.04.02_1539_0934;;40113;;
NL-HaNA_1.04.02_1539_0935;;40113;;
NL-HaNA_1.04.02_1539_0936;END;40113;;
NL-HaNA_1.04.02_1539_0936;START;40114;;
NL-HaNA_1.04.02_1539_0937;;40114;;
NL-HaNA_1.04.02_1539_0938;;40114;;
NL-HaNA_1.04.02_1539_0939;END;40114;;
NL-HaNA_1.04.02_1539_0939;START;40115;;
NL-HaNA_1.04.02_1539_0940;;40115;;
NL-HaNA_1.04.02_1539_0941;;40115;;
NL-HaNA_1.04.02_1539_0942;END;40115;;
NL-HaNA_1.04.02_1539_0942;START;40116;;
NL-HaNA_1.04.02_1539_0943;;40116;;
NL-HaNA_1.04.02_1539_0944;;40116;;
NL-HaNA_1.04.02_1539_0945;;40116;;
NL-HaNA_1.04.02_1539_0946;;40116;;
NL-HaNA_1.04.02_1539_0947;END;40116;;
NL-HaNA_1.04.02_1539_0947;START;40117;;
NL-HaNA_1.04.02_1539_0948;;40117;;
NL-HaNA_1.04.02_1539_0949;END;40117;;
NL-HaNA_1.04.02_1539_0949;START;40118;;
NL-HaNA_1.04.02_1539_0950;END;40118;;
NL-HaNA_1.04.02_1539_0951;START;40119;;
NL-HaNA_1.04.02_1539_0952;;40119;;
NL-HaNA_1.04.02_1539_0953;;40119;;
NL-HaNA_1.04.02_1539_0954;;40119;;
NL-HaNA_1.04.02_1539_0955;;40119;;
NL-HaNA_1.04.02_1539_0956;;40119;;
NL-HaNA_1.04.02_1539_0957;;40119;;
NL-HaNA_1.04.02_1539_0958;;40119;;
NL-HaNA_1.04.02_1539_0959;END;40119;;
NL-HaNA_1.04.02_1539_0959;START;40120;;
NL-HaNA_1.04.02_1539_0960;END;40120;;
NL-HaNA_1.04.02_1539_0960;START;40121;;
NL-HaNA_1.04.02_1539_0961;;40121;;
NL-HaNA_1.04.02_1539_0962;END;40121;;
NL-HaNA_1.04.02_1539_0962;START;40122;;
NL-HaNA_1.04.02_1539_0963;;40122;;
NL-HaNA_1.04.02_1539_0964;;40122;;
NL-HaNA_1.04.02_1539_0965;;40122;;
NL-HaNA_1.04.02_1539_0966;END;40122;;
NL-HaNA_1.04.02_1539_0966;START;40123;;
NL-HaNA_1.04.02_1539_0967;END;40123;;
NL-HaNA_1.04.02_1539_0967;START;40124;;
NL-HaNA_1.04.02_1539_0968;;40124;;
NL-HaNA_1.04.02_1539_0969;;40124;;
NL-HaNA_1.04.02_1539_0970;;40124;;
NL-HaNA_1.04.02_1539_0971;END;40124;;
NL-HaNA_1.04.02_1539_0971;START;40125;;
NL-HaNA_1.04.02_1539_0972;;40125;;
NL-HaNA_1.04.02_1539_0973;;40125;;
NL-HaNA_1.04.02_1539_0974;;40125;;
NL-HaNA_1.04.02_1539_0975;END;40125;;
NL-HaNA_1.04.02_1539_0975;START;40126;;
NL-HaNA_1.04.02_1539_0976;;40126;;
NL-HaNA_1.04.02_1539_0977;END;40126;;
NL-HaNA_1.04.02_1539_0977;START;40127;;
NL-HaNA_1.04.02_1539_0978;;40127;;
NL-HaNA_1.04.02_1539_0979;;40127;;
NL-HaNA_1.04.02_1539_0980;;40127;;
NL-HaNA_1.04.02_1539_0981;END;40127;;
NL-HaNA_1.04.02_1539_0982;;;;Empty
NL-HaNA_1.04.02_1539_0983;;;;Empty
NL-HaNA_1.04.02_1539_0984;;;;Empty
NL-HaNA_1.04.02_1539_0985;;;;Empty
NL-HaNA_1.04.02_1539_0986;;;;Empty
NL-HaNA_1.04.02_1539_0987;;;;Empty
NL-HaNA_1.04.02_1539_0988;;;;Empty
NL-HaNA_1.04.02_1539_0989;;;;Empty
NL-HaNA_1.04.02_1539_0990;;;;Empty
NL-HaNA_1.04.02_1539_0991;START;40128;;
NL-HaNA_1.04.02_1539_0991;END;40128;;
NL-HaNA_1.04.02_1539_0992;;;;Empty
NL-HaNA_1.04.02_1539_0993;;;;Empty
NL-HaNA_1.04.02_1539_0994;;;;Empty
NL-HaNA_1.04.02_1539_0995;START;40129;;
NL-HaNA_1.04.02_1539_0996;;40129;;
NL-HaNA_1.04.02_1539_0997;;40129;;
NL-HaNA_1.04.02_1539_0998;END;40129;;
NL-HaNA_1.04.02_1539_0998;START;40130;;
NL-HaNA_1.04.02_1539_0999;;40130;;
NL-HaNA_1.04.02_1539_1000;;40130;;
NL-HaNA_1.04.02_1539_1001;;40130;;
NL-HaNA_1.04.02_1539_1002;;40130;;
NL-HaNA_1.04.02_1539_1003;;40130;;
NL-HaNA_1.04.02_1539_1004;END;40130;;
NL-HaNA_1.04.02_1539_1004;START;40131;;
NL-HaNA_1.04.02_1539_1005;;40131;;
NL-HaNA_1.04.02_1539_1006;;40131;;
NL-HaNA_1.04.02_1539_1007;;40131;;
NL-HaNA_1.04.02_1539_1008;END;40131;;
NL-HaNA_1.04.02_1539_1009;;;;Empty
NL-HaNA_1.04.02_1539_1010;;;;Empty
NL-HaNA_1.04.02_1539_1011;;;;Empty
NL-HaNA_1.04.02_1539_1012;;;;Empty
NL-HaNA_1.04.02_1539_1013;;;;Empty
NL-HaNA_1.04.02_1539_1014;;;;Empty
NL-HaNA_1.04.02_1539_1015;;;;Empty
NL-HaNA_1.04.02_1539_1016;;;;Empty
NL-HaNA_1.04.02_1539_1017;;;;Empty
NL-HaNA_1.04.02_1539_1018;;;;Empty
NL-HaNA_1.04.02_1539_1019;;;;Empty
NL-HaNA_1.04.02_1539_1020;;;;Empty
NL-HaNA_1.04.02_1539_1021;START;40132;;
NL-HaNA_1.04.02_1539_1022;END;40132;;
NL-HaNA_1.04.02_1539_1023;START;40133;;
NL-HaNA_1.04.02_1539_1023;END;40133;;
NL-HaNA_1.04.02_1539_1023;START;40134;;
NL-HaNA_1.04.02_1539_1024;END;40134;;
NL-HaNA_1.04.02_1539_1024;START;40135;;
NL-HaNA_1.04.02_1539_1025;END;40135;;
NL-HaNA_1.04.02_1539_1026;START;40136;;
NL-HaNA_1.04.02_1539_1027;;40136;;
NL-HaNA_1.04.02_1539_1028;END;40136;;
NL-HaNA_1.04.02_1539_1028;START;40137;;
NL-HaNA_1.04.02_1539_1029;;40137;;
NL-HaNA_1.04.02_1539_1030;;40137;;
NL-HaNA_1.04.02_1539_1031;;40137;;
NL-HaNA_1.04.02_1539_1032;;40137;;
NL-HaNA_1.04.02_1539_1033;END;40137;;
NL-HaNA_1.04.02_1539_1033;START;40138;;
NL-HaNA_1.04.02_1539_1034;END;40138;;
NL-HaNA_1.04.02_1539_1034;START;40139;;
NL-HaNA_1.04.02_1539_1034;END;40139;;
NL-HaNA_1.04.02_1539_1034;START;40140;;
NL-HaNA_1.04.02_1539_1035;;40140;;
NL-HaNA_1.04.02_1539_1036;;40140;;
NL-HaNA_1.04.02_1539_1037;;40140;;
NL-HaNA_1.04.02_1539_1038;;40140;;
NL-HaNA_1.04.02_1539_1039;;40140;;
NL-HaNA_1.04.02_1539_1040;;40140;;
NL-HaNA_1.04.02_1539_1041;;40140;;
NL-HaNA_1.04.02_1539_1042;;40140;;
NL-HaNA_1.04.02_1539_1043;;40140;;
NL-HaNA_1.04.02_1539_1044;;40140;;
NL-HaNA_1.04.02_1539_1045;;40140;;
NL-HaNA_1.04.02_1539_1046;;40140;;
NL-HaNA_1.04.02_1539_1047;END;40140;;
NL-HaNA_1.04.02_1539_1047;START;40141;;
NL-HaNA_1.04.02_1539_1047;END;40141;;
NL-HaNA_1.04.02_1539_1047;START;40142;;
NL-HaNA_1.04.02_1539_1048;END;40142;;
NL-HaNA_1.04.02_1539_1048;START;40143;;
NL-HaNA_1.04.02_1539_1048;;40143;;
NL-HaNA_1.04.02_1539_1049;;40143;;
NL-HaNA_1.04.02_1539_1050;END;40143;;
NL-HaNA_1.04.02_1539_1050;START;40144;;
NL-HaNA_1.04.02_1539_1051;;40144;;
NL-HaNA_1.04.02_1539_1052;;40144;;
NL-HaNA_1.04.02_1539_1053;;40144;;
NL-HaNA_1.04.02_1539_1054;;40144;;
NL-HaNA_1.04.02_1539_1055;;40144;;
NL-HaNA_1.04.02_1539_1056;END;40144;;
NL-HaNA_1.04.02_1539_1056;START;40145;;
NL-HaNA_1.04.02_1539_1057;;40145;;
NL-HaNA_1.04.02_1539_1058;;40145;;
NL-HaNA_1.04.02_1539_1059;;40145;;
NL-HaNA_1.04.02_1539_1060;END;40145;;
NL-HaNA_1.04.02_1539_1060;START;40146;;
NL-HaNA_1.04.02_1539_1061;;40146;;
NL-HaNA_1.04.02_1539_1062;;40146;;
NL-HaNA_1.04.02_1539_1063;;40146;;
NL-HaNA_1.04.02_1539_1064;;40146;;
NL-HaNA_1.04.02_1539_1065;;40146;;
NL-HaNA_1.04.02_1539_1066;;40146;;
NL-HaNA_1.04.02_1539_1067;;40146;;
NL-HaNA_1.04.02_1539_1068;END;40146;;
NL-HaNA_1.04.02_1539_1068;START;40147;;
NL-HaNA_1.04.02_1539_1069;;40147;;
NL-HaNA_1.04.02_1539_1070;;40147;;
NL-HaNA_1.04.02_1539_1071;END;40147;;
NL-HaNA_1.04.02_1539_1071;START;40148;;
NL-HaNA_1.04.02_1539_1072;;40148;;
NL-HaNA_1.04.02_1539_1073;END;40148;;
NL-HaNA_1.04.02_1539_1073;START;40149;;
NL-HaNA_1.04.02_1539_1074;;40149;;
NL-HaNA_1.04.02_1539_1075;END;40149;;
NL-HaNA_1.04.02_1539_1075;START;40150;;
NL-HaNA_1.04.02_1539_1076;;40150;;
NL-HaNA_1.04.02_1539_1077;;40150;;
NL-HaNA_1.04.02_1539_1078;;40150;;
NL-HaNA_1.04.02_1539_1079;END;40150;;
NL-HaNA_1.04.02_1539_1080;START;40151;;
NL-HaNA_1.04.02_1539_1081;END;40151;;
NL-HaNA_1.04.02_1539_1081;START;40152;;
NL-HaNA_1.04.02_1539_1082;;40152;;
NL-HaNA_1.04.02_1539_1083;;40152;;
NL-HaNA_1.04.02_1539_1084;;40152;;
NL-HaNA_1.04.02_1539_1085;;40152;;
NL-HaNA_1.04.02_1539_1086;;40152;;
NL-HaNA_1.04.02_1539_1087;;40152;;
NL-HaNA_1.04.02_1539_1088;END;40152;;
NL-HaNA_1.04.02_1539_1088;START;40153;;
NL-HaNA_1.04.02_1539_1089;;40153;;
NL-HaNA_1.04.02_1539_1090;;40153;;
NL-HaNA_1.04.02_1539_1091;;40153;;
NL-HaNA_1.04.02_1539_1092;;40153;;
NL-HaNA_1.04.02_1539_1093;;40153;;
NL-HaNA_1.04.02_1539_1094;;40153;;
NL-HaNA_1.04.02_1539_1095;;40153;;
NL-HaNA_1.04.02_1539_1096;END;40153;;
NL-HaNA_1.04.02_1539_1096;START;40154;;
NL-HaNA_1.04.02_1539_1097;END;40154;;
NL-HaNA_1.04.02_1539_1098;START;40155;;
NL-HaNA_1.04.02_1539_1099;;40155;;
NL-HaNA_1.04.02_1539_1100;END;40155;;
NL-HaNA_1.04.02_1539_1100;START;40156;;
NL-HaNA_1.04.02_1539_1101;END;40156;;
NL-HaNA_1.04.02_1539_1102;START;40157;;
NL-HaNA_1.04.02_1539_1103;;40157;;
NL-HaNA_1.04.02_1539_1104;;40157;;
NL-HaNA_1.04.02_1539_1105;END;40157;;
NL-HaNA_1.04.02_1539_1105;START;40158;;
NL-HaNA_1.04.02_1539_1106;END;40158;;
NL-HaNA_1.04.02_1539_1107;;;;Empty
NL-HaNA_1.04.02_1539_1108;;;;Empty
NL-HaNA_1.04.02_1539_1109;;;;Empty
NL-HaNA_1.04.02_1539_1110;;;;Empty
NL-HaNA_1.04.02_1539_1111;;;;Empty
NL-HaNA_1.04.02_1539_1112;;;;Empty
NL-HaNA_1.04.02_1539_1113;;;;Empty
NL-HaNA_1.04.02_1539_1114;;;;Empty
NL-HaNA_1.04.02_1539_1115;;;;Empty
NL-HaNA_1.04.02_1539_1116;;;;Empty
NL-HaNA_1.04.02_1539_1117;;;;Empty
NL-HaNA_1.04.02_1539_1118;;;;Empty
NL-HaNA_1.04.02_1539_1119;START;40159;;
NL-HaNA_1.04.02_1539_1119;END;40159;;
NL-HaNA_1.04.02_1539_1120;;;;Empty
NL-HaNA_1.04.02_1539_1121;;;;Empty
NL-HaNA_1.04.02_1539_1122;;;;Empty
NL-HaNA_1.04.02_1539_1123;START;40160;;
NL-HaNA_1.04.02_1539_1123;END;40160;;
NL-HaNA_1.04.02_1539_1123;START;40161;;
NL-HaNA_1.04.02_1539_1124;;40161;;
NL-HaNA_1.04.02_1539_1125;;40161;;
NL-HaNA_1.04.02_1539_1126;;40161;;
NL-HaNA_1.04.02_1539_1127;;40161;;
NL-HaNA_1.04.02_1539_1128;END;40161;;
NL-HaNA_1.04.02_1539_1128;START;40162;;
NL-HaNA_1.04.02_1539_1129;;40162;;
NL-HaNA_1.04.02_1539_1130;;40162;;
NL-HaNA_1.04.02_1539_1131;END;40162;;
NL-HaNA_1.04.02_1539_1131;START;40163;;
NL-HaNA_1.04.02_1539_1132;END;40163;;
NL-HaNA_1.04.02_1539_1133;START;40164;;
NL-HaNA_1.04.02_1539_1134;END;40164;;
NL-HaNA_1.04.02_1539_1135;START;40165;;
NL-HaNA_1.04.02_1539_1136;END;40165;;
NL-HaNA_1.04.02_1539_1136;START;40166;;
NL-HaNA_1.04.02_1539_1137;;40166;;
NL-HaNA_1.04.02_1539_1138;;40166;;
NL-HaNA_1.04.02_1539_1139;;40166;;
NL-HaNA_1.04.02_1539_1140;;40166;;
NL-HaNA_1.04.02_1539_1141;;40166;;
NL-HaNA_1.04.02_1539_1142;END;40166;;
NL-HaNA_1.04.02_1539_1143;START;40167;;
NL-HaNA_1.04.02_1539_1144;END;40167;;
NL-HaNA_1.04.02_1539_1144;START;40168;;
NL-HaNA_1.04.02_1539_1145;END;40168;;
NL-HaNA_1.04.02_1539_1146;;;;Empty
NL-HaNA_1.04.02_1539_1147;;;;Empty
NL-HaNA_1.04.02_1539_1148;;;;Empty
NL-HaNA_1.04.02_1539_1149;START;40169;;
NL-HaNA_1.04.02_1539_1150;;40169;;
NL-HaNA_1.04.02_1539_1151;;40169;;
NL-HaNA_1.04.02_1539_1152;;40169;;
NL-HaNA_1.04.02_1539_1153;;40169;;
NL-HaNA_1.04.02_1539_1154;END;40169;;
NL-HaNA_1.04.02_1539_1154;START;40170;;
NL-HaNA_1.04.02_1539_1155;;40170;;
NL-HaNA_1.04.02_1539_1156;;40170;;
NL-HaNA_1.04.02_1539_1157;;40170;;
NL-HaNA_1.04.02_1539_1158;;40170;;
NL-HaNA_1.04.02_1539_1159;;40170;;
NL-HaNA_1.04.02_1539_1160;;40170;;
NL-HaNA_1.04.02_1539_1161;;40170;;
NL-HaNA_1.04.02_1539_1162;;40170;;
NL-HaNA_1.04.02_1539_1163;END;40170;;
NL-HaNA_1.04.02_1539_1163;START;40171;;
NL-HaNA_1.04.02_1539_1164;END;40171;;
NL-HaNA_1.04.02_1539_1164;START;40172;;
NL-HaNA_1.04.02_1539_1165;;40172;;
NL-HaNA_1.04.02_1539_1166;END;40172;;
NL-HaNA_1.04.02_1539_1166;START;40173;;
NL-HaNA_1.04.02_1539_1167;;40173;;
NL-HaNA_1.04.02_1539_1168;;40173;;
NL-HaNA_1.04.02_1539_1169;;40173;;
NL-HaNA_1.04.02_1539_1170;;40173;;
NL-HaNA_1.04.02_1539_1171;;40173;;
NL-HaNA_1.04.02_1539_1172;;40173;;
NL-HaNA_1.04.02_1539_1173;;40173;;
NL-HaNA_1.04.02_1539_1174;;40173;;
NL-HaNA_1.04.02_1539_1175;;40173;;
NL-HaNA_1.04.02_1539_1176;END;40173;;
NL-HaNA_1.04.02_1539_1177;START;40174;;
NL-HaNA_1.04.02_1539_1178;;40174;;
NL-HaNA_1.04.02_1539_1179;;40174;;
NL-HaNA_1.04.02_1539_1180;;40174;;
NL-HaNA_1.04.02_1539_1181;;40174;;
NL-HaNA_1.04.02_1539_1182;;40174;;
NL-HaNA_1.04.02_1539_1183;;40174;;
NL-HaNA_1.04.02_1539_1184;;40174;;
NL-HaNA_1.04.02_1539_1185;;40174;;
NL-HaNA_1.04.02_1539_1186;;40174;;
NL-HaNA_1.04.02_1539_1187;;40174;;
NL-HaNA_1.04.02_1539_1188;;40174;;
NL-HaNA_1.04.02_1539_1189;;40174;;
NL-HaNA_1.04.02_1539_1190;;40174;;
NL-HaNA_1.04.02_1539_1191;;40174;;
NL-HaNA_1.04.02_1539_1192;;40174;;
NL-HaNA_1.04.02_1539_1193;;40174;;
NL-HaNA_1.04.02_1539_1194;;40174;;
NL-HaNA_1.04.02_1539_1195;;40174;;
NL-HaNA_1.04.02_1539_1196;;40174;;
NL-HaNA_1.04.02_1539_1197;;40174;;
NL-HaNA_1.04.02_1539_1198;;40174;;
NL-HaNA_1.04.02_1539_1199;END;40174;;
NL-HaNA_1.04.02_1539_1199;START;40175;;
NL-HaNA_1.04.02_1539_1200;;40175;;
NL-HaNA_1.04.02_1539_1201;;40175;;
NL-HaNA_1.04.02_1539_1202;;40175;;
NL-HaNA_1.04.02_1539_1203;;40175;;
NL-HaNA_1.04.02_1539_1204;;40175;;
NL-HaNA_1.04.02_1539_1205;END;40175;;
NL-HaNA_1.04.02_1539_1205;START;40176;;
NL-HaNA_1.04.02_1539_1206;;40176;;
NL-HaNA_1.04.02_1539_1207;;40176;;
NL-HaNA_1.04.02_1539_1208;;40176;;
NL-HaNA_1.04.02_1539_1209;;40176;;
NL-HaNA_1.04.02_1539_1210;;40176;;
NL-HaNA_1.04.02_1539_1211;;40176;;
NL-HaNA_1.04.02_1539_1212;;40176;;
NL-HaNA_1.04.02_1539_1213;END;40176;;
NL-HaNA_1.04.02_1539_1213;START;40177;;
NL-HaNA_1.04.02_1539_1214;;40177;;
NL-HaNA_1.04.02_1539_1215;;40177;;
NL-HaNA_1.04.02_1539_1216;;40177;;
NL-HaNA_1.04.02_1539_1217;;40177;;
NL-HaNA_1.04.02_1539_1218;;40177;;
NL-HaNA_1.04.02_1539_1219;;40177;;
NL-HaNA_1.04.02_1539_1220;;40177;;
NL-HaNA_1.04.02_1539_1221;END;40177;;
NL-HaNA_1.04.02_1539_1221;START;40178;;
NL-HaNA_1.04.02_1539_1222;;40178;;
NL-HaNA_1.04.02_1539_1223;;40178;;
NL-HaNA_1.04.02_1539_1224;;40178;;
NL-HaNA_1.04.02_1539_1225;;40178;;
NL-HaNA_1.04.02_1539_1226;;40178;;
NL-HaNA_1.04.02_1539_1227;;40178;;
NL-HaNA_1.04.02_1539_1228;;40178;;
NL-HaNA_1.04.02_1539_1229;END;40178;;
NL-HaNA_1.04.02_1539_1229;START;40179;;
NL-HaNA_1.04.02_1539_1230;;40179;;
NL-HaNA_1.04.02_1539_1231;;40179;;
NL-HaNA_1.04.02_1539_1232;;40179;;
NL-HaNA_1.04.02_1539_1233;;40179;;
NL-HaNA_1.04.02_1539_1234;END;40179;;
NL-HaNA_1.04.02_1539_1234;START;40180;;
NL-HaNA_1.04.02_1539_1235;END;40180;;
NL-HaNA_1.04.02_1539_1236;START;40181;;
NL-HaNA_1.04.02_1539_1237;;40181;;
NL-HaNA_1.04.02_1539_1238;;40181;;
NL-HaNA_1.04.02_1539_1239;END;40181;;
NL-HaNA_1.04.02_1539_1239;START;40182;;
NL-HaNA_1.04.02_1539_1240;END;40182;;
NL-HaNA_1.04.02_1539_1240;START;40183;;
NL-HaNA_1.04.02_1539_1241;;40183;;
NL-HaNA_1.04.02_1539_1242;;40183;;
NL-HaNA_1.04.02_1539_1243;;40183;;
NL-HaNA_1.04.02_1539_1244;END;40183;;
NL-HaNA_1.04.02_1539_1245;START;40184;;
NL-HaNA_1.04.02_1539_1246;END;40184;;
NL-HaNA_1.04.02_1539_1247;START;40185;;
NL-HaNA_1.04.02_1539_1248;END;40185;;
NL-HaNA_1.04.02_1539_1248;START;40186;;
NL-HaNA_1.04.02_1539_1249;;40186;;
NL-HaNA_1.04.02_1539_1250;;40186;;
NL-HaNA_1.04.02_1539_1251;;40186;;
NL-HaNA_1.04.02_1539_1252;;40186;;
NL-HaNA_1.04.02_1539_1253;;40186;;
NL-HaNA_1.04.02_1539_1254;;40186;;
NL-HaNA_1.04.02_1539_1255;;40186;;
NL-HaNA_1.04.02_1539_1256;END;40186;;
NL-HaNA_1.04.02_1539_1256;START;40187;;
NL-HaNA_1.04.02_1539_1257;;40187;;
NL-HaNA_1.04.02_1539_1258;END;40187;;
NL-HaNA_1.04.02_1539_1258;START;40188;;
NL-HaNA_1.04.02_1539_1259;;40188;;
NL-HaNA_1.04.02_1539_1260;;40188;;
NL-HaNA_1.04.02_1539_1261;;40188;;
NL-HaNA_1.04.02_1539_1262;;40188;;
NL-HaNA_1.04.02_1539_1263;;40188;;
NL-HaNA_1.04.02_1539_1264;;40188;;
NL-HaNA_1.04.02_1539_1265;;40188;;
NL-HaNA_1.04.02_1539_1266;END;40188;;
NL-HaNA_1.04.02_1539_1267;;;;Empty
NL-HaNA_1.04.02_1539_1268;;;;Empty
NL-HaNA_1.04.02_1539_1269;;;;Empty
NL-HaNA_1.04.02_1539_1270;;;;Empty
NL-HaNA_1.04.02_1539_1271;START;40189;;
NL-HaNA_1.04.02_1539_1272;;40189;;
NL-HaNA_1.04.02_1539_1273;END;40189;;
NL-HaNA_1.04.02_1539_1274;START;40190;;
NL-HaNA_1.04.02_1539_1275;END;40190;;
NL-HaNA_1.04.02_1539_1275;START;40191;;
NL-HaNA_1.04.02_1539_1276;;40191;;
NL-HaNA_1.04.02_1539_1277;END;40191;;
NL-HaNA_1.04.02_1539_1277;START;40192;;
NL-HaNA_1.04.02_1539_1278;;40192;;
NL-HaNA_1.04.02_1539_1279;;40192;;
NL-HaNA_1.04.02_1539_1280;;40192;;
NL-HaNA_1.04.02_1539_1281;;40192;;
NL-HaNA_1.04.02_1539_1282;;40192;;
NL-HaNA_1.04.02_1539_1283;;40192;;
NL-HaNA_1.04.02_1539_1284;;40192;;
NL-HaNA_1.04.02_1539_1285;;40192;;
NL-HaNA_1.04.02_1539_1286;END;40192;;
NL-HaNA_1.04.02_1539_1286;START;40193;;
NL-HaNA_1.04.02_1539_1287;;40193;;
NL-HaNA_1.04.02_1539_1288;END;40193;;
NL-HaNA_1.04.02_1539_1289;START;40194;;
NL-HaNA_1.04.02_1539_1290;;40194;;
NL-HaNA_1.04.02_1539_1291;;40194;;
NL-HaNA_1.04.02_1539_1292;;40194;;
NL-HaNA_1.04.02_1539_1293;;40194;;
NL-HaNA_1.04.02_1539_1294;END;40194;;
NL-HaNA_1.04.02_1539_1295;;;;Empty
NL-HaNA_1.04.02_1539_1296;;;;Empty
NL-HaNA_1.04.02_1539_1297;;;;Empty
NL-HaNA_1.04.02_1539_1298;;;;Empty
NL-HaNA_1.04.02_1539_1299;;;;Empty
NL-HaNA_1.04.02_1539_1300;;;;Cover
